AC NO,Part NO,Polling Station Name(Kannada),Polling Station Name(English)
107,1,ಸರ್ಕಾರಿ ಕಿರಿಯ ಪ್ರಾಥಮಿಕ ಶಾಲೆ  ಕರೂರು,
107,2,ಸರ್ಕಾರಿ ಕಿರಿಯ ಪ್ರಾಥಮಿಕ ಶಾಲೆ ರೂಂ ನಂ-1 ಯರಗುಂಟೆ,
107,3,ಸರ್ಕಾರಿ ಕಿ ರಿಯ ಪ್ರಾಥಮಿಕ ಶಾಲೆ ಯರಗುಂಟೆ ರೂಂ ನಂ-2,
107,4,"ಸರ್ಕಾರಿ ಉರ್ದು ಹಿರಿಯ ಪ್ರಾಥಮಿಕ ಶಾಲೆ,  (ರೂಂ.ನಂ.1)ಹೊಳೆಹೊನ್ನೂರು ತೋಟ ಎಸ್‌ ಜಿ ಎಂ ನಗರ ದಾವಣಗೆರೆ",
107,5,"ಸರ್ಕಾರಿ ಉರ್ದು ಹಿರಿಯ ಪ್ರಾಥಮಿಕ ಶಾಲೆ,ಎಸ್‌ ಜಿ ಎಂ ನಗರ ಹೊಳೆಹೊನ್ನೂರು ತೋಟ ದಾವಣಗೆರೆ (ರೂಂ.ನಂ.3)",
107,6,"ಸರ್ಕಾರಿ ಉರ್ದು ಹಿರಿಯ ಪ್ರಾಥಮಿಕ ಶಾಲೆ ,(ರೂಂ.ನಂ.2)ಎಸ್‌. ಜೆ.ಎಂ. ನಗರ  ಹೊಳೆ ಹೊನ್ನೂರ್ ತೋಟ ದಾವಣಗೆರೆ",
107,7,"ಸರ್ಕಾರಿ ಹಿರಿಯ ಪ್ರಾಥಮಿಕ ಶಾಲೆ ಎಸ್‌. ಜೆ.ಎಂ. ನಗರ, ಹೊಳೆ ಹೊನ್ನೂರು ತೋಟ ದಾವಣಗೆರೆ",
107,8,"ಆಂಜನೇಯ ಪ್ರೌಡ ಶಾಲೆ,ರೂಂ ನಂ-1 ಎಸ್ ಜೆ ಎಮ್ ನಗರ (ದುರ್ಗಾದೇವಿ ಶಾಲೆ ಪಕ್ಕ )ಹೊಳೆ ಹೊನ್ನೂರು ತೋಟ ಕೊಂಡಜ್ಜಿ ರಸ್ತೆ, ದಾವಣಗೆರೆ",
107,9,"ಆಂಜನೇಯ ಪ್ರೌಡ ಶಾಲೆ, ರೂಂ ನಂ-2 ಎಸ್ ಜೆ ಎಮ್ ನಗರ (ದುರ್ಗಾದೇವಿ ಶಾಲೆ ಪಕ್ಕ )ಹೊಳೆ ಹೊನ್ನೂರು ತೋಟ ಕೊಂಡಜ್ಜಿ ರಸ್ತೆ",
107,10,"ಆಂಜನೇಯ ಪ್ರೌಡ ಶಾಲೆ, ಎಸ್ ಜೆ ಎಮ್ ನಗರ (ದುರ್ಗಾದೇವಿ ಶಾಲೆ ಪಕ್ಕ )ಹೊಳೆ ಹೊನ್ನೂರು ತೋಟ ಕೊಂಡಜ್ಜಿ ರಸ್ತೆ ದಾವಣಗೆರೆ ರೂಂ ನಂ-3",
107,11,"ಸ.ಹಿ.ಪ್ರಾ.ಶಾಲೆ, ಎಸ್ ಪಿ ಎಸ್ ನಗರ 1ನೇ ಹಂತ  ರೂಂ ನಂ -1 ಬೂದಿಹಾಳ್ ರಸ್ತೆ.",
107,12,"ಶ್ರೀಮತಿ ಚಿರಡೋಣಿ ಕಮಲಮ್ಮ ವೈ ತಿಮ್ಮಪ್ಪ ಶೆಟ್ಟಿ  ಹಿರಿಯ ಪ್ರಾಥಮಿಕಶಾಲೆ, ರೂಂ ನಂ-1  ದೇವರಾಜ್‌ಅರಸ್‌ ಬಡಾವಣೆ ಪೂರ್ವಭಾಗ ದಾವಣಗೆರೆ",
107,13,ಶ್ರೀಮತಿ ಚಿರಡೋಣಿ ಕಮಲಮ್ಮ ವೈ ತಿಮ್ಮಪ್ಪ ಶೆಟ್ಟಿ  ಹಿರಿಯ ಪ್ರಾಥಮಿಕಶಾಲೆ ದೇವರಾಜ್‌ಅರಸ್‌ ಬಡಾವಣೆ  ದಾವಣಗೆರೆ ರೂಂ ನಂ-2,
107,14,ಶ್ರೀ ಮುರುಘರಾಜೇಂದ್ರ ಹಿರಿಯ ಪ್ರಾಥಮಿಕ ಶಾಲೆ ಶೀಬಾರ ರಸ್ತೆ ರೂಂ ನಂ 1  ದಾವಣಗೆರೆ,
107,15,ಶ್ರೀ ಮುರುಘರಾಜೇಂದ್ರ ಹಿರಿಯ ಪ್ರಾಥಮಿಕ ಶಾಲೆ ಶೀಬಾರ ರಸ್ತೆ ರೂಂ ನಂ 2  ದಾವಣಗೆರೆ,
107,16,ಸರ್ಕಾರಿ ಹಿರಿಯ ಪ್ರಾಥಮಿಕ ಬಾಲಕರ ಶಾಲೆ ರೂ ನಂ 1 ದುಗ್ಗಮ್ಮನ ಗುಡಿ ಸರ್ಕಲ್‌  ದಾವಣಗೆರೆ,
107,17,ಸರ್ಕಾರಿ ಹಿರಿಯ ಪ್ರಾಥಮಿಕ ಬಾಲಕರ ಶಾಲೆ ರೂಂ ನಂ 2 ದುಗ್ಗಮ್ಮನ ಗುಡಿ ಸರ್ಕಲ್‌ ಪಶ್ಚಿಮ ಭಾಗ ರೂಂ ನಂ 2 ದಾವಣಗೆರೆ,
107,18,ಸರ್ಕಾರಿ ಹಿರಿಯ ಪ್ರಾಥಮಿಕ  ಶಾಲೆ ಎಸ್‌ ಪಿ ಎಸ್‌ ನಗರ 2ನೇ ಹಂತ ಪಶ್ಚಿಮ ಭಾಗ  ಕೊಠಡಿ 01 ದಾವಣಗೆರೆ,
107,19,ಸರ್ಕಾರಿ ಹಿರಿಯ ಪ್ರಾಥಮಿಕ  ಶಾಲೆ ಎಸ್‌ ಪಿ ಎಸ್‌ ನಗರ 2ನೇ ಹಂತ ಪಶ್ಚಿಮ ಭಾಗ  ಕೊಠಡಿ ಸಂಖ್ಯೆ-04 ದಾವಣಗೆರೆ,
107,20,ಸರ್ಕಾರಿ ಹಿರಿಯ ಪ್ರಾಥಮಿಕ ಶಾಲೆ ಎಸ್‌ ಪಿ ಎಸ್‌ ನಗರ 2ನೇ ಹಂತ ಪಶ್ಚಿಮ ಭಾಗ ಕೊಠಡಿ 02 ದಾವಣಗೆರೆ,
107,21,ಸರ್ಕಾರಿ ಹಿರಿಯ ಪ್ರಾಥಮಿಕ ಶಾಲೆ ಎಸ್‌ ಪಿ ಎಸ್‌ ನಗರ 2ನೇ ಹಂತ ಪಶ್ಚಿಮ ಭಾಗ ರೂಂನಂ-5 ದಾವಣಗೆರೆ,
107,22,ಸರ್ಕಾರಿ ಹಿರಿಯ ಪ್ರಾಥಮಿಕ ಬಾಲಕರ ಶಾಲೆ ಎಸ್‌ ಪಿ ಎಸ್‌ ನಗರ 2ನೇ ಹಂತ ಪಶ್ಚಿಮ ಭಾಗ ಕೊಠಡಿ 03 ದಾವಣಗೆರೆ,
107,23,ಸರ್ಕಾರಿ ಹಿರಿಯ ಪ್ರಾಥಮಿಕ ಬಾಲಕರ ಶಾಲೆ ಎಸ್‌ ಪಿ ಎಸ್‌ ನಗರ 2ನೇ ಹಂತ ಪಶ್ಚಿಮ ಭಾಗ ಕೊಠಡಿ ಸಂಖ್ಯೆ-06 ದಾವಣಗೆರೆ,
107,24,ಡಾನ್‌ ಬಾಸ್ಕೋ ಬಾಲಕಾರ್ಮಿಕರ ಮಕ್ಕಳ ಶಾಲೆ  ರೂಂ ನಂ-1 ವಿಜಯನಗರ ಬಡಾವಣೆ ಪೂರ್ವಭಾಗ ಕೊಂಡಜ್ಜಿ  ರಸ್ತೆ ದಾವಣಗೆರೆ,
107,25,ಡಾನ್‌ ಬಾಸ್ಕೋ ಬಾಲಕಾರ್ಮಿಕರ ಮಕ್ಕಳ ಶಾಲೆ  ವಿಜಯನಗರ ಬಡಾವಣೆ ಪೂರ್ವಭಾಗ ಕೊಂಡಜ್ಜಿ  ರಸ್ತೆ ರೂಂ ನಂ-02 ದಾವಣಗೆರೆ,
107,26,"ಎಸ್ ಎಮ್ ಎಸ್ ಕಾನ್ವೆಂಟ್ ಶಾಲೆ, ರೂಂ ನಂ-1 ರಾಜೀವ್ ಗಾಂಧಿ ಬಡಾವಣೆ,ದಾವಣಗೆರೆ",
107,27,"ಎಸ್ ಎಮ್ ಎಸ್ ಕಾನ್ವೆಂಟ್ ಶಾಲೆ, ರಾಜೀವ್ ಗಾಂಧಿ ಬಡಾವಣೆ,ದಾವಣಗೆರೆ ರೂಂ ನಂ-02",
107,28,"ಆಂಜನೇಯ ಪ್ರೌಢ ಶಾಲೆ  ವಿಜಯನಗರ ಬಡಾವಣೆ, ಕೊಂಡಜ್ಜಿ ರಸ್ತೆ ಪೂರ್ವ ಭಾಗ  ದಾವಣಗೆರೆ",
107,29,"ಆಂಜನೇಯ ಪ್ರೌಢ ಶಾಲೆ  ವಿಜಯನಗರ ಬಡಾವಣೆ, ಕೊಂಡಜ್ಜಿ ರಸ್ತೆ ದಾವಣಗೆರೆ",
107,30,ಸರ್ಕಾರಿ ಕಿರಿಯ ಪ್ರಾಥಮಿಕ ಶಾಲೆ ದೊಡ್ಡ ಬೂದಿಹಾಳು  ದಾವಣಗೆರೆ,
107,31,"ಹರಳಯ್ಯ ವಿದ್ಯಾ ಸಂಸ್ಥೆ , ಶ್ರೀ ಎಸ್‌ ಎಂ ಕೃಷ್ಣ ಮಹಾವಿದ್ಯಾಲಯ , ಕೈಲಾಸ ರಸ್ತೆ ಚೌಡೇಶ್ವರಿ ನಗರ ,ದಾವಣಗೆರೆ",
107,32,"ಹರಳಯ್ಯ ವಿದ್ಯಾ ಸಂಸ್ಥೆ , ಶ್ರೀ ಎಸ್‌ ಎಂ ಕೃಷ್ಣ ಮಹಾವಿದ್ಯಾಲಯ , ಕೈಲಾಸ ರಸ್ತೆ ಚೌಡೇಶ್ವರಿ ನಗರ ,ರೂಂ ನಂ-02 ದಾವಣಗೆರೆ",
107,33,ಸರ್ಕಾರಿ ಹಿರಿಯ ಪ್ರಾಥಮಿಕ ಶಾಲೆ  ಎಸ್‌ ಪಿ  ಎಸ್‌  ನಗರ 1ನೇ ಹಂತ ರೂಂ ನಂ 1 ಬೂದಿಹಾಳು ರಸ್ತೆ ದಾವಣಗೆರೆ,
107,34,ಸರ್ಕಾರಿ ಹಿರಿಯ ಪ್ರಾಥಮಿಕ ಶಾಲೆ  ಎಸ್‌ ಪಿ  ಎಸ್‌  ನಗರ 1ನೇ ಹಂತ ರೂಂ ನಂ 2  ಬೂದಿಹಾಳು ರಸ್ತೆ ದಾವಣಗೆರೆ,
107,35,"ಹರಪನಹಳ್ಳಿ ಮುಪ್ಪಣ್ಣ ಸಿದ್ದಮ್ಮ ಪ್ರೌಢ ಶಾಲೆ, ಬೂದಾಳ್ ರಸ್ತೆ,ರೂಂ ನಂ-1",
107,36,"ಹರಪನಹಳ್ಳಿ ಮುಪ್ಪಣ್ಣ ಸಿದ್ದಮ್ಮ ಪ್ರೌಢ ಶಾಲೆ, ಬೂದಾಳ್ ರಸ್ತೆ,ರೂಂ ನಂ-2",
107,37,ಶ್ರೀ ಹಿರೇಮಠ ಮಹಾಲಿಂಗಪ್ಪ ಸ್ವಾಮೀಜಿ ಸ ಹಿ ಪ್ರಾ ಶಾಲೆ ಹಳೇಪೇಟೆ ಕುರುಬರಕೇರಿ ಬೀರಪ್ಪನ ಕಣ ರೂಂನಂ 1 ದಾವಣಗೆರೆ,
107,38,ಶ್ರೀಹಿರೇಮಠ ಮಹಾಲಿಂಗಪ್ಪಸ್ವಾಮೀಜಿ ಸ. ಹಿ. ಪ್ರಾ.ಶಾಲೆ ಹಳೇಪೇಟೆ ಬೀರಪ್ಪನಕಣ ಕುರುಬರಕೇರಿ ರೂಂ ನಂ2 ದಾವಣಗೆರೆ,
107,39,ದುರ್ಗಾಂಬಿಕಾ ನರ್ಸರಿ ಶಾಲೆ ಚೌಕಿ ಮನೆ ದುಗ್ಗಮ್ಮ  ದೇವಸ್ಥಾನ ಪಕ್ಕ ದಾವಣಗೆರೆ,
107,40,"ಅಂಬೇಡ್ಕರ್ ಸಮುದಾಯ ಭವನ, ಅಂಬೇಡ್ಕರ್ ಸರ್ಕಲ್ ಹತ್ತಿರ, ಕೈಲಾಸ ರಸ್ತೆ, ಗಾಂಧಿನಗರ",
107,41,"ಸಮಾಜ ಭವನ, 5ನೇ ಕ್ರಾಸ್, ಗಾಂಧಿನಗರ ಲೈಬ್ರರಿ (ರೀಡಿಂಗ್ ರೂಂ)",
107,42,ಸರ್ಕಾರಿ ಹಿರಿಯ ಪ್ರಾಥಮಿಕ ಬಾಲಕರ ಶಾಲೆ ರೂಂ ನಂ 1 ಉತ್ತರ ಭಾಗ ಗಾಂಧಿ ನಗರ ದಾವಣಗೆರೆ,
107,43,ಸರ್ಕಾರಿ ಹಿರಿಯ ಪ್ರಾಥಮಿಕ ಬಾಲಕರ ಶಾಲೆ ರೂ ನಂ 2 ಉತ್ತರ ಭಾಗ ಗಾಂಧಿ ನಗರ ದಾವಣಗೆರೆ,
107,44,ಜ್ಞಾನಜ್ಯೋತಿ  ಕಾನ್ವೆಂಟ್‌ ಸ್ಕೂಲ್‌ ಕಾಳಿಕಾದೇವಿ ರೋಡ್‌ ಅಜ್ಜಂಪುರ ಶೆಟ್ರು ಕಾಂಪೌಂಡ್‌ ದಾವಣಗೆರೆ,
107,45,"ಸರ್ಕಾರಿ  ಉರ್ದು ಪ್ರಾಥಮಿಕಶಾಲೆ ನೀರಿನಟ್ಯಾಂಕ್‌ ಹತ್ತಿರ ಮಿಲ್ಲತ್‌ಸ್ಕೂಲ್‌ಪಕ್ಕ, ಭಾಷಾನಗರ ರೂಂನಂ 1 ದಾವಣಗೆರೆ",
107,46,"ಸರ್ಕಾರಿ  ಉರ್ದು ಪ್ರಾಥಮಿಕಶಾಲೆ ನೀರಿನಟ್ಯಾಂಕ್‌ ಹತ್ತಿರ ಮಿಲ್ಲತ್‌ಸ್ಕೂಲ್‌ಪಕ್ಕ, ಭಾಷಾನಗರ ರೂಂನಂ 5 ದಾವಣಗೆರೆ",
107,47,"ಸರ್ಕಾರಿ  ಉರ್ದು ಪ್ರಾಥಮಿಕಶಾಲೆ ನೀರಿನಟ್ಯಾಂಕ್‌ ಹತ್ತಿರ ಮಿಲ್ಲತ್‌ಸ್ಕೂಲ್‌ಪಕ್ಕ, ಭಾಷಾನಗರ ರೂಂನಂ2 ದಾವಣಗೆರೆ",
107,48,"ಸರ್ಕಾರಿ ಹಿರಿಯ ಕನ್ನಡ ಪ್ರಾಥಮಿಕ ಶಾಲೆ ಎಸ್‌ ಎಸ್‌ ಮಲ್ಲಿಕಾರ್ಜುನ ನಗರ , ಪೂರ್ವ ಭಾಗ  ರೂಂನಂ1 ದಾವಣಗೆರೆ",
107,49,"ಸರ್ಕಾರಿ ಹಿರಿಯ ಕನ್ನಡ ಪ್ರಾಥಮಿಕ ಶಾಲೆ ಎಸ್‌ ಎಸ್‌ ಮಲ್ಲಿಕಾರ್ಜುನ ನಗರ , ಪೂರ್ವ ಭಾಗ  ರೂಂನಂ-02 ದಾವಣಗೆರೆ",
107,50,ಸರ್ಕಾರಿ ಹಿರಿಯ ಕನ್ನಡ ಪ್ರಾಥಮಿಕ ಶಾಲೆ ಎಸ್‌ ಎಸ್‌ ಮಲ್ಲಿಕಾರ್ಜುನನಗರ ಪೂರ್ವ ಭಾಗ ರೂಂನಂ3 ದಾವಣಗೆರೆ,
107,51,"ಸರ್ಕಾರಿ ಹಿರಿಯ ಪ್ರಾಥಮಿಕ ಉರ್ದು ಶಾಲೆ, ಎಸ್‌.. ಎಸ್‌ ಮಲ್ಲಿಕಾರ್ಜುನ ನಗರ ದಕ್ಷಿಣ ಭಾಗ ರೂಂ ನಂ1 ದಾವಣಗೆರೆ",
107,52,"ಸರ್ಕಾರಿ ಹಿರಿಯ ಪ್ರಾಥಮಿಕ ಉರ್ದು ಶಾಲೆ, ಎಸ್‌.. ಎಸ್‌ ಮಲ್ಲಿಕಾರ್ಜುನ ನಗರ ದಕ್ಷಿಣ ಭಾಗ ರೂಂ ನಂ-02 ದಾವಣಗೆರೆ",
107,53,"ಸರ್ಕಾರಿ ಹಿರಿಯ ಪ್ರಾಥಮಿಕ ಉರ್ದು ಶಾಲೆ , ಎಸ್‌ ಎಸ್‌ ಮಲ್ಲಿಕಾರ್ಜುನ ನಗರ ಎರಡನೇ ಹಂತ ರೂಂನಂ3 ದಾವಣಗೆರೆ",
107,54,"ಸರ್ಕಾರಿ ಹಿರಿಯ ಪ್ರಾಥಮಿಕ ಉರ್ದು ಶಾಲೆ , ಎಸ್‌ ಎಸ್‌ ಮಲ್ಲಿಕಾರ್ಜುನ ನಗರ ಎರಡನೇ ಹಂತ ರೂಂನಂ-04 ದಾವಣಗೆರೆ",
107,55,"ಸರ್ಕಾರಿ ಹಿರಿಯ ಉರ್ದು ಪ್ರಾಥಮಿಕ ಶಾಲೆ , ಕೊಠಡಿ ಸಂಖ್ಯೆ 01 ಮಂಡಕ್ಕಿ ಭಟ್ಟೆಲೇಔಟ್‌ ಮಾಗಾನಹಳ್ಳಿ ರಸ್ತೆ ದಾವಣಗೆರೆ",
107,56,"ಸರ್ಕಾರಿ ಹಿರಿಯ ಉರ್ದು ಪ್ರಾಥಮಿಕ ಶಾಲೆ , ಕೊಠಡಿ ಸಂಖ್ಯೆ 02 ಮಂಡಕ್ಕಿ ಭಟ್ಟಿಲೇ ಔಟ್‌ ಮಾಗಾನಹಳ್ಳಿ ರಸ್ತೆ ದಾವಣಗೆರೆ",
107,57,"ಸರ್ಕಾರಿ ಹಿರಿಯ ಉರ್ದು ಪ್ರಾಥಮಿಕ ಶಾಲೆ , ಇ ಎಸ್‌ ಐ ಆಸ್ಪತ್ರೆ ಮುಂಬಾಗ, ಸರ್‌ ಮಿರ್ಜಾ ಇಸ್ಮಾಯಿಲ್‌ನಗರ (ರೂಂ.ನಂ.1) ದಾವಣಗೆರೆ",
107,58,"ಸರ್ಕಾರಿ ಹಿರಿಯ ಉರ್ದು ಪ್ರಾಥಮಿಕ ಶಾಲೆ , ಇ ಎಸ್‌ ಐ ಆಸ್ಪತ್ರೆ ಮುಂಬಾಗ, ಸರ್‌ ಮಿರ್ಜಾ ಇಸ್ಮಾಯಿಲ್‌ನಗರ (ರೂಂ.ನಂ.2) ದಾವಣಗೆರೆ",
107,59,"ಸರ್ಕಾರಿ ಕಿರಿಯ ಪ್ರಾಥಮಿಕ ಶಾಲೆ,  ಕೆ ಕೆ ಕಾಲೋನಿ, ಜಗಳೂರು ರಸ್ತೆ ದಾವಣಗೆರೆ",
107,60,"ಸಿದ್ದರಾಮೇಶ್ವರ ಹಿರಿಯ ಪ್ರಾಥಮಿಕ ಶಾಲೆ , ದಕ್ಷಿಣ ಭಾಗ ಕೊಠಡಿ ಸಂಖ್ಯೆ 01 ,ದಾವಣಗೆರೆ",
107,61,"ಸಿದ್ದರಾಮೇಶ್ವರ ಹಿರಿಯ ಪ್ರಾಥಮಿಕ ಶಾಲೆ , ದಕ್ಷಿಣ ಭಾಗ ಕೊಠಡಿ ಸಂಖ್ಯೆ 02 , ದಾವಣಗೆರೆ",
107,62,ಮಿಲ್ಲತ್‌ ಜೂನಿಯರ್‌ ಕಾಲೇಜ್‌ ಉತ್ತರ ಭಾಗ ರೂಂನಂ 1 ದಾವಣಗೆರೆ,
107,63,ಮಿಲ್ಲತ್‌ ಜೂನಿಯರ್‌ ಕಾಲೇಜ್‌ ದಕ್ಷಿಣಭಾಗ ರೂಂ ನಂ 2 ದಾವಣಗೆರೆ,
107,64,ಮಿಲ್ಲತ್‌ ಜೂನಿಯರ್‌ ಕಾಲೇಜ್‌ ದಕ್ಷಿಣಭಾಗ (ರೂಂ.ನಂ.3)ದಾವಣಗೆರೆ,
107,65,"ಮಿಲ್ಲತ್‌ ವಿದ್ಯಾ ಸಂಸ್ಥೆ, ಫ್ರೌಢ ಶಾಲೆ, ರೂಂ ನಂ-1, ಭಾಷಾ ನಗರ, ದಾವಣಗೆರೆ",
107,66,"ಮಿಲ್ಲತ್‌ ವಿದ್ಯಾ ಸಂಸ್ಥೆ, ಫ್ರೌಢ ಶಾಲೆ, ರೂಂ ನಂ-2, ಭಾಷಾ ನಗರ, ದಾವಣಗೆರೆ",
107,67,ಮಿಲ್ಲತ್‌ ಹಿರಿಯ ಪ್ರಾಥಮಿಕ ಶಾಲೆ ಬಾಷನಗರ ರೂಂ ನಂ1 ದಾವಣಗೆರೆ,
107,68,"ಮಿಲ್ಲತ್‌ ವಿದ್ಯಾ ಸಂಸ್ಥೆ ಫ್ರೌಢ ಶಾಲೆ, ರೂಂ ನಂ-3, ಭಾಷಾ ನಗರ",
107,69,"ಅಲ್ಪತಾ ವಿದ್ಯಾ ಮತ್ತು ಕಲ್ಯಾಣ ಸಂಸ್ಥೆ, ರಜಾ ಉಲ್ಲಾ ಮುಸ್ತಫಾ ನಗರ",
107,70,ಶ್ರೀ ಆಂಜನೇಯ  ವಿದ್ಯಾಸಂಸ್ಥೆ  ಹಿರಿಯ ಪ್ರಾಥಮಿಕ ಶಾಲೆ ಮೆಹಬೂಬ್‌ ನಗರ ರೂಂ ನಂ 1 ದಾವಣಗೆರೆ,
107,71,ಶ್ರೀಆಂಜನೇಯ ವಿದ್ಯಾಸಂಸ್ಥೆ ಹಿರಿಯ ಪ್ರಾಥಮಿಕ ಶಾಲೆ ಮೆಹಬೂಬ್‌ ನಗರ ರೂ ನಂ 2 ದಾವಣಗೆರೆ,
107,72,"ಎಸ್‌ ಎಂ ಕನ್ನಡ ಉರ್ದು ಹಿರಿಯ ಪ್ರಾಥಮಿಕ ಶಾಲೆ, ಟಿಪ್ಪು ನಗರ 3ನೇ ಕ್ರಾಸ್‌ ದಾವಣಗೆರೆ",
107,73,ಜಿ.ಕೆ.ಉರ್ದು ಹಿರಿಯ ಪ್ರಾಥಮಿಕ ಶಾಲೆ ರೂಂ.ನಂ.2 ಭಾಷಾನಗರ 4ನೇಕ್ರಾಸ್ ದಾವಣಗೆರೆ,
107,74,ಜಿ.ಕೆ.ಉರ್ದು ಹಿರಿಯ ಪ್ರಾಥಮಿಕ ಶಾಲೆ ಬಾಷಾನಗರ ರೂಂ.ನಂ.3 ಭಾಷಾನಗರ 4ನೇ ಕ್ರಾಸ್ ದಾವಣಗೆರೆ,
107,75,ಜಿ.ಕೆ.ಉರ್ದು ಹಿರಿಯ ಪ್ರಾ.ಶಾಲೆ ರೂಂ.ನಂ.4 ಭಾಷಾನಗರ 4ನೇ ಕ್ರಾಸ್ ದಾವಣಗೆರೆ,
107,76,ಸರ್ಕಾರಿ ಉರ್ದು ಹಿರಿಯ  ಪ್ರಾಥಮಿಕ   ಶಾಲೆ ಅಜಾದ್‌ ನಗರ 7ನೇಕ್ರಾಸ್‌(ಉತ್ತರಭಾಗ) ದಾವಣಗೆರೆ,
107,77,ಗುಲಿಸ್ತಾ ಎ ಮುಸ್ತಾಫ್‌ ಪ್ರಾಥಮಿಕ ಶಾಲೆ ಉತ್ತರ ಭಾಗ ಅಜಾದ್‌ ನಗರ ದಾವಣಗೆರೆ,
107,78,ಸರ್ಕಾರಿ ಉರ್ದು ಬಾಲಕರ ಶಾಲೆ ಮಾಗಾನಹಳ್ಳಿ ರಸ್ತೆ ಪಶ್ಚಿಮ ಭಾಗ ರೂಂ ನಂ 1 ದಾವಣಗೆರೆ,
107,79,"ಸರ್ಕಾರಿ ಉರ್ದು ಬಾಲಕರ ಶಾಲೆ ಪಶ್ಚಿಮ ಭಾಗ ರೂಂ ನಂ 2 ಮಾಗಾನಹಳ್ಳಿರಸ್ತೆ, ದಾವಣಗೆರೆ",
107,80,ಸರ್ಕಾರಿ ಹಿರಿಯ ಉರ್ದು ಪ್ರಾಥಮಿಕ ಬಾಲಕರ ಶಾಲೆ 7ನೇ ಕ್ರಾಸ್‌ ಅಜಾದ ನಗರ ದಕ್ಷಿಣ ಭಾಗ ದಾವಣಗೆರೆ ರೂಂ ನಂ-01,
107,81,ಸರ್ಕಾರಿ ಹಿರಿಯ ಉರ್ದು ಪ್ರಾಥಮಿಕ ಬಾಲಕರ ಶಾಲೆ 7ನೇ ಕ್ರಾಸ್‌ ಅಜಾದ ನಗರ ದಕ್ಷಿಣ ಭಾಗ ದಾವಣಗೆರೆ ರೂಂ ನಂ-02,
107,82,"ಸರ್ಕಾರಿ ಹಿರಿಯ ಉರ್ದು ಪ್ರಾಥಮಿಕ ಬಾಲಕರ ಶಾಲೆ ಮಾಗಾನಹಳ್ಳಿ ರಸ್ತೆ, ರೂ ನಂ 1 ದಾವಣಗೆರೆ",
107,83,"ಸರ್ಕಾರಿ ಹಿರಿಯ ಉರ್ದು ಪ್ರಾಥಮಿಕ ಬಾಲಕರ ಶಾಲೆ ಮಾಗಾನಹಳ್ಳಿ ರಸ್ತೆ,ರೂಂ ನಂ 2 ದಾವಣಗೆರೆ",
107,84,ಸರ್ಕಾರಿ ಹಿರಿಯ ಪ್ರಾಥಮಿಕ ಶಾಲೆ ರೂ ನಂ 1  ಪಶ್ಷಿಮ ಭಾಗ ಅಹ್ಮದ್‌ ನಗರ  ಅಜಾದ್‌ ನಗರ  4ನೇ ಕ್ರಾಸ್‌ ದಾವಣಗೆರೆ,
107,85,ಸರ್ಕಾರಿ ಹಿರಿಯ ಉರ್ದು ಪ್ರಾಥಮಿಕ ಬಾಲಕರಶಾಲೆ ರೂಂನಂ 2 ಪೂರ್ವಭಾಗ ಅಹ್ಮದ್‌ನಗರ  ಅಜಾದ್‌ನಗರ 4ನೇ ಕ್ರಾಸ್ ದಾವಣಗೆರೆ,
107,86,ಶ್ರೀ  ಸಿ ಅಬ್ದುಲ್‌ ರಹೀಂ ಪ್ರೌಢಶಾಲೆ  ಮಧ್ಯ ಭಾಗ ಬೇತೂರು ರಸ್ತೆ ದಾವಣಗೆರೆ,
107,87,ಶ್ರೀ ಹಾಜಿ ಅಬ್ದುಲ್‌ ಅಜೀಜ್‌ ಹಿರಿಯ ಪ್ರಾಥಮಿಕ ಶಾಲೆ ಹಳೆ ಬೇತೂರು ರಸ್ತೆ (ಗುಡ್ ವಿಲ್ ಶಾಲೆ)  ದಾವಣಗೆರೆ,
107,88,ಮುನ್ಸಿಪಲ್‌ ಹಿರಿಯ ಪ್ರಾಥಮಿಕ ಬಾಲಕರ ಶಾಲೆ ಹೊಸ ಕಟ್ಟಡ ಗಾಂಧಿ ನಗರ ಪೂರ್ವ ಭಾಗ ದಾವಣಗೆರೆ,
107,89,"ಶ್ರೀ ಹಾಜಿ ಅಬ್ದುಲ್ ಅಜೀಜ್ ಹಿರಿಯ ಪ್ರಾಥಮಿಕ ಶಾಲೆ, ಹಳೇ ಬೇತೂರ್ ರಸ್ತೆ, (ಗುಡ್ ವಿಲ್ ಶಾಲೆ) ದಾವಣಗೆರೆ",
107,90,ಸರ್ಕಾರಿ ಹಿರಿಯ ಪ್ರಾಥಮಿಕ ಬಾಲಕರ ಶಾಲೆ ದಕ್ಷಿಣ ಭಾಗ ವಡ್ಡರ ಕೇರಿ ದಾವಣಗೆರೆ,
107,91,ಸರ್ಕಾರಿ ಹಿರಿಯ ಪ್ರಾಥಮಿಕ ಬಾಲಕರ ಶಾಲೆ ಪಶ್ಚಿಮ ಭಾಗ ವಡ್ಡರ ಕೇರಿ ದಾವಣಗೆರೆ,
107,92,"ಕೋಗುಂಡಿಬಕ್ಕಯ್ಯ  ಹಿರಿಯ ಪ್ರಾಥಮಿಕಶಾಲೆ ಗಿರಿ ಟಾಕೀಸ್ ಹಿಂಭಾಗ, ಜಗಳೂರು ರಸ್ತೆ, ಆನೆಕೊಂಡ ರೂಂ ನಂ-1 ದಾವಣಗೆರೆ",
107,93,ಎಸ್‌.ಎಸ್‌.ಪಾರ್ವತಮ್ಮ  ಸರ್ಕಾರಿ ಉರ್ದು ಪ್ರೌಢ ಶಾಲೆ ಮಾಗಾನ ಹಳ್ಳಿ  ರಸ್ತೆ  ರೂಂ ನಂ 5 ದಾವಣಗೆರೆ,
107,94,"ಕೋಗುಂಡಿ ಬಕ್ಕಯ್ಯ ಹಿರಿಯ ಪ್ರಾಥಮಿಕ ಶಾಲೆ , ಜಗಳೂರು ರಸ್ತೆ , ಗಿರಿ ಟ್ಯಾಕೀಸ್‌ ಹಿಂಬಾಗ ,ರೂಂ ನಂ 1 ದಾವಣಗೆರೆ",
107,95,ಮುನ್ಸಿಪಲ್‌ ವ್ಯಾಯಾಮಶಾಲೆ ಮುತ್ತು ಮಾರಿಯಮ್ಮ ದೇವಸ್ಥಾನದ ಕಾಂಪೌಂಡ್‌ ಒಳಗಡೆ ಜಗಳೂರುರಸ್ತೆ ದಾವಣಗೆರೆ,
107,96,"ಶ್ರೀ ಚನ್ನಬಸಪ್ಪ ಸಿದ್ದಬಸಪ್ಪ ಹಿರಿಯ ಪ್ರಾಥಮಿಕ ಶಾಲೆ, ಬೇತೂರ್ ರಸ್ತೆ, ಆನೆಕೊಂಡ ರೂಂ ನಂ 1",
107,97,"ಶ್ರೀ ಚನ್ನಬಸಪ್ಪ ಸಿದ್ದಬಸಪ್ಪ ಹಿರಿಯ ಪ್ರಾಥಮಿಕ ಶಾಲೆ, ಬೇತೂರ್ ರಸ್ತೆ, ಆನೆಕೊಂಡ ರೂಂ ನಂ-2",
107,98,ಬಂಕಾಪುರದ ನಂಜುಂಡಪ್ಪ ಶ್ರೀದೇವರಾಜ ಎಜುಕೇಷನ್‌ಸೊಸೈಟಿ  ಹಿರಿಯ ಪ್ರಾಥಮಿಕಶಾಲೆ ಪೂರ್ವ ಭಾಗ ಜಗಳೂರು ರಸ್ತೆ ದಾವಣಗೆರೆ,
107,99,ಸರ್ಕಾರಿ ಹಿರಿಯ ಪ್ರಾಥಮಿಕ ಶಾಲೆ ರೂಂ.ನಂ.1 ಆನೆಕೊಂಡ ದಾವಣಗೆರೆ,
107,100,ಸರ್ಕಾರಿ ಹಿರಿಯ ಪ್ರಾಥಮಿಕ ಶಾಲೆ ರೂಂ.ನಂ.3 ಆನೆಕೊಂಡ ದಾವಣಗೆರೆ,
107,101,ಸರ್ಕಾರಿ ಹಿರಿಯ ಪ್ರಾಥಮಿಕ ಶಾಲೆ.ರೂಂ.ನಂ.2 ಅನೆಕೊಂಡ ದಾವಣಗೆರೆ,
107,102,ಸರ್ಕಾರಿ ಹಿರಿಯ ಪ್ರಾಥಮಿಕ  ಶಾಲೆ ರೂಂ.ನಂ 1 ಬಸಾಪುರ,
107,103,ಸರ್ಕಾರಿ ಹಿರಿಯ ಪ್ರಾಥಮಿಕ ಶಾಲೆ   ರೂಂ.ನಂ 2 ಬಸಾಪುರ,
107,104,ಶ್ರೀಕಾಯಕಯೋಗಿಶರಣ ಹನುಮಂತಪ್ಪ ಎನ್‌.ಕ್ಷೀರಸಾಗರಹಿ.ಪ್ರಾ.ಶಾಲೆಲಾಲ್‌ಬಹದ್ದೂರು ಶಾಸ್ತ್ರಿನಗರಬಸಾಪುರ ರಸ್ತೆ ದಾವಣಗೆರೆ,
107,105,ಸರ್ಕಾರಿ ಹಿರಿಯ ಪ್ರಾಥಮಿಕ ಬಾಲಕರ ಶಾಲೆ (ತಮಿಳು ಮಾದ್ಯಮ)  ದಕ್ಷಿಣ ಭಾಗ ಭಾರತ್ ಕಾಲೋನಿ ದಾವಣಗೆರೆ,
107,106,ಸರ್ಕಾರಿ ಹಿರಿಯ ಪ್ರಾಥಮಿಕ ಬಾಲಕರ ಶಾಲೆ ಭಾರತ್‌ ಕಾಲೋನಿ ಪಶ್ಚಿಮ ಭಾಗ ದಾವಣಗೆರೆ,
107,107,ಸರ್ಕಾರಿ ಹಿರಿಯ ಪ್ರಾಥಮಿಕ ಬಾಲಕರ ಶಾಲೆ (ಪಶ್ಚಿಮಭಾಗ) ರೂಂ ನಂ 1 ಭಾರತ ಕಾಲೋನಿ ದಾವಣಗೆರೆ,
107,108,ಸರ್ಕಾರಿ ಹಿರಿಯ ಪ್ರಾಥಮಿಕ ಬಾಲಕರ ಶಾಲೆ (ಪಶ್ಚಿಮಭಾಗ) ಭಾರತ್‌ ಕಾಲೋನಿ ರೂಂ ನಂ 2 ದಾವಣಗೆರೆ,
107,109,ಸರ್ಕಾರಿ ಹಿರಿಯ ಪ್ರಾಥಮಿಕ ಬಾಲಕರ ಶಾಲೆ ಭಾರತ್‌ ಕಾಲೋನಿ ಮಧ್ಯಭಾಗ ದಾವಣಗೆರೆ,
107,110,ಅಂಗನವಾಡಿ ಕೇಂದ್ರ (ಐಪಿಪಿ ಆಸ್ಪತ್ರೆ ಎದುರು) ಹೆಚ್ ಕೆ ಆರ್ ನಗರ ದಾವಣಗೆರೆ,
107,111,ಕರಿಬಸವೇಶ್ವರ ಹೈಯರ್‌  ಪ್ರೈಮರಿ ಸ್ಕೂಲ್‌ ಕಬ್ಬೂರು ಬಸಪ್ಪನಗರ ದಾವಣಗೆರೆ,
107,112,ಡಿ.ಆರ್‌.ಆರ್‌(ಡಿ.ಸಿ.ಎಂ.)ಸ್ಕೂಲ್‌ ರೂಂ ನಂ 1 ಪಿ ಬಿ ರಸ್ತೆ ದಾವಣಗೆರೆ,
107,113,ಡಿ.ಆರ್‌.ಆರ್‌(ಡಿ.ಸಿ.ಎಂ.)ಸ್ಕೂಲ್‌  ಪಿ ಬಿ ರಸ್ತೆ ರೂಂ ನಂ 2 ದಾವಣಗೆರೆ,
107,114,ಡಿ.ಆರ್‌.ಆರ್‌(ಡಿ.ಸಿ.ಎಂ.)ಸ್ಕೂಲ್‌  ಪಿ ಬಿ ರಸ್ತೆ ರೂಂ ನಂ-03 ದಾವಣಗೆರೆ,
107,115,ಪೂರ್ಣ ಪ್ರಜ್ಣಾ ವಿದ್ಯಾಸಂಸ್ಥೆ ಮಾಂಟೆಸ್ಸೋರಿ ಕಾನ್ವೆಂಟ್‌ ಶಾಲೆ ಕಿರುವಾಡಿ ಲೇಔಟ್‌ ಕೆ ಬಿ ಬಡಾವಣೆ ದಾವಣಗೆರೆ,
107,116,"ರಾಜ್ಯ ಕಾರ್ಮಿಕ ನಿಗಮ, ಶಿವಾನಂದ ಸ್ವಾಮಿ ಕಾಂಪೌಂಡ್ ಎಲಿಗಾರ್ ಶಿವಪ್ಪ ರಸ್ತೆ, ದಾವಣಗೆರೆ",
107,117,ಬಾಲಕಿಯರ ಪ್ರೌಢಶಾಲೆ ಮಹಿಳ ಸೇವಾ ಸಮಾಜ ಕಾಂಪ್ಲೆಕ್ಸ್  ಜಯದೇವ ವೃತ್ತ ಬಳಿ ದಾವಣಗೆರೆ,
107,118,ಕಾರ್ಯಪಾಲಕ ಅಭಿಯಂತರರ ಕಛೇರಿ  ಜಿಲ್ಲಾ ಪಂಚಾಯತ್‌ ಇಂಜಿನಿಯರಿಂಗ್‌ ವಿಭಾಗ ಪಿ ಬಿ ರಸ್ತೆ ದಾವಣಗೆರೆ,
107,119,ಶ್ರೀಮತಿ ಗೌರಮ್ಮ ಡಿ ಎಮ್ ಹನಗೋಡಿಮಠ ಹಿ.ಪ್ರಾ.ಶಾಲೆ ಕಾಲೇಜ್‌ರಸ್ತೆಪಶ್ಚಿಮಭಾಗರಂಗಮಂಟಪದ ಹಿಂಭಾಗ ಲಾಲ್ ಬಹಾದ್ದೂರ್‌ಶಾಸ್ತ್ರಿ ಕೊಠಡಿ ಹದಡಿ ರಸ್ತೆ ದಾವಣಗೆರೆ,
107,120,"ಸರ್ಕಾರಿ ಕಿರಿಯ ಪ್ರಾಥಮಿಕ ಶಾಲೆ,ಶೇಖರಪ್ಪ ನಗರ ಎ ಬ್ಲಾಕ್ ರೂಂ ನಂ-1 ದಾವಣಗೆರೆ",
107,121,"ಸರ್ಕಾರಿ ಕಿರಿಯ ಪ್ರಾಥಮಿಕ ಶಾಲೆ, ಶೇಖರಪ್ಪ ನಗರ ಎ ಬ್ಲಾಕ್ ರೂಂ ನಂ-2 ದಾವಣಗೆರೆ",
107,122,ಮುದೇಗೌಡ್ರ ಮಲ್ಲಮ್ಮ  ಮುರಿಗೆಪ್ಪ ಬಾಲಕಿಯರ ಪ್ರೌಢ ಶಾಲೆ ರೂಂ ನಂ 1  ಜಗಳೂರು ರಸ್ತೆ ದಾವಣಗೆರೆ,
107,123,"ಎಕ್ಸ ಮುನ್ಸಿಪಲ್‌ ಹೈ-ಸ್ಕೂಲ್‌ ಕೆ.ಆರ್‌.ರಸ್ತೆ , ದಾವಣಗೆರೆ",
107,124,ಸರ್ಕಾರಿ  ಹಳೇ ಮಾಧ್ಯಮಿಕಶಾಲೆ ಬಿ .ಇ.ಓ. ಕಚೇರಿ ಕಾಂಪೌಂಡ್‌ ಕೆ ಆರ್‌ ಮಾರ್ಕೆಟ್‌ ಚಾಮರಾಜಪೇಟೆ ದಾವಣಗೆರೆ,
107,125,ಸರ್ಕಾರಿ ಉರ್ದು ಬಾಲಕರ ಶಾಲೆ ಬಿ ಇ ಒ ಆಫೀಸ್‌ ಕಾಂಪೌಂಡ್‌ ಬಿ ಟಿ ಗಲ್ಲಿ ಮಾರುತಿ ಕಾಫಿ ವರ್ಕ್ಸ ಹತ್ತಿರ ದಾವಣಗೆರೆ,
107,126,ಶ್ರೀ ಸಂಗಮೇಶ್ವರ ಪ್ರಾಥಮಿಕಶಾಲೆ ಪಶ್ಚಿಮಭಾಗ ಶ್ರೀಕಾಳಿಕಾದೇವಿರಸ್ತೆ ಬಿ ಎಸ್‌ ಚನ್ನಬಸಪ್ಪ  ಬಟ್ಟೆಅಂಗಡಿ ಪಕ್ಕ ದಾವಣಗೆರೆ,
107,127,ಸರ್ಕಾರಿ ಉನ್ನತ ಪ್ರಾಥಮಿಕ  ಬಾಲಕಿಯರ ಶಾಲೆ ಗಡಿಯಾರ ಕಂಬದ ಎದುರು ದಾವಣಗೆರೆ,
107,128,"ಅಂಗನವಾಡಿ ಕೇಂದ್ರ,ಗರಡಿ ಮನೆ ಪಕ್ಕ  ಜುಬ್ಲಿಬಾವಿ ರಸ್ತೆ ದಾವಣಗೆರೆ",
107,129,ಸರ್ಕಾರಿ ಹಿರಿಯ ಪ್ರಾಥಮಿಕ  ಶಾಲೆ ಹುಲ್ಲಿನಸಂತೆ ಚಾಮರಾಜಪೇಟೆ ರೂಂ ನಂ-01 ದಾವಣಗೆರೆ,
107,130,ಸರ್ಕಾರಿ ಹಿರಿಯ ಪ್ರಾಥಮಿಕ ಶಾಲೆ ಹುಲ್ಲಿನಸಂತೆ ಚಾಮರಾಜಪೇಟೆ ರೂಂ ನಂ-02 ದಾವಣಗೆರೆ,
107,131,ಮುಸ್ಲಿಂ ವಿದ್ಯಾ ಸಂಘ ಸಂಸ್ಥೆ ನರ್ಸರಿ ಶಾಲೆ 3ನೇ ಆರ್‌ ಸಿ ಸಿ ಟ್ಯಾಂಕ್‌ ಆವರಣ ನಸರಾಜಪೇಟೆ ದಾವಣಗೆರೆ,
107,132,ಮುದೇಗೌಡ್ರ ಮಲ್ಲಮ್ಮ ಮುರಿಗೆಪ್ಪ ಬಾಲಕಿಯರ ಪ್ರೌಢಶಾಲೆ ರೂಂ ನಂ2 ಜಗಳೂರು ರಸ್ತೆ ದಾವಣಗೆರೆ,
107,133,ಶ್ರೀಮತಿ ದೇವಮ್ಮ ಎ.ಆರ್‌.ಬಸವರಾಜಪ್ಪ.ಪ್ರೌಢಶಾಲೆ ಅಮರಪ್ಪನತೋಟ ಆರ್‌ ಎಂ ಸಿ ರೋಡ್‌ಪಶ್ಚಿಮಭಾಗರೂಂನಂ1 ದಾವಣಗೆರೆ,
107,134,"ಶ್ರೀಮತಿ ದೇವಮ್ಮ ಎ.ಆರ್‌.ಬಸವರಾಜಪ್ಪ.ಪ್ರೌಡಶಾಲೆ, ಅಮರಪ್ಪನ ತೋಟ ಪಶ್ಚಿಮಭಾಗ ಆರ್‌ ಎಂ ಸಿ ರೋಡ್‌ರೂಂನಂ2 ದಾವಣಗೆರೆ",
107,135,ತರಬೇತಿ ಕೊಠಡಿ ತಾಲ್ಲೂಕ್‌ ಪಂಚಾಯತ್‌ ಆಫೀಸ್‌ ಆರ್‌ ಎಂ ಸಿ ರಸ್ತೆ ದಾವಣಗೆರೆ,
107,136,ತಾಲ್ಲೂಕು ಪಂಚಾಯತ್‌ ಕಛೇರಿ ಆಡಳಿತ ಕೊಠಡಿ  ಆರ್‌ ಎಂ ಸಿ ರಸ್ತೆ ದಾವಣಗೆರೆ,
107,137,"ಅಕ್ಸ್ ಫರ್ಡ್ ಹಿರಿಯ ಪ್ರಾಥಮಿಕ ಶಾಲೆ, ಆರ್‌ ಎಂ ಸಿ ರಸ್ತೆ , ಆನೆಕೊಂಡ ಬಿ ಡಿ ಓ ಕ್ವಾಟ್ರಸ್ ಹತ್ತಿರ  ದಾವಣಗೆರೆ",
107,138,ಉರ್ದು ಕಿರಿಯ ಪ್ರಾಥಮಿಕ ಬಾಲಕರ ಶಾಲೆ ಉತ್ತರ ಭಾಗ ನರಸರಾಜ ರಸ್ತೆ ದಾವಣಗೆರೆ,
107,139,ಉರ್ದು ಕಿರಿಯ ಪ್ರಾಥಮಿಕ ಬಾಲಕರ ಶಾಲೆ ದಕ್ಷಿಣ ಭಾಗ ನರಸರಾಜ ರಸ್ತೆ ದಾವಣಗೆರೆ,
107,140,ಬಸವೇಶ್ವರ ವಿದ್ಯಾ ಸಂಸ್ಥೆ ಶ್ರೀಮತಿ ಪಾರ್ವತಮ್ಮ ಹಳ್ಳೂರು ನಾರಾಯಣಪ್ಪ  ಹಿರಿಯ ಪ್ರಾಥಮಿಕ ಶಾಲೆ ರೂಂನಂ 1 ಉತ್ತರಭಾಗ ಬಸವರಾಜಪೇಟೆ ದಾವಣಗೆರೆ,
107,141,ಬಸವೇಶ್ವರ ವಿದ್ಯಾ ಸಂಸ್ಥೆ ಶ್ರೀಮತಿ ಪಾರ್ವತಮ್ಮ ಹಳ್ಳೂರು ನಾರಾಯಣಪ್ಪ  ಹಿರಿಯ ಪ್ರಾಥಮಿಕ ಶಾಲೆ ರೂಂನಂ-03 ಉತ್ತರಭಾಗ ಬಸವರಾಜಪೇಟೆ ದಾವಣಗೆರೆ,
107,142,"ಗುಡ್ ವಿಲ್ ಕಾನ್ವೆಂಟ್ ಶಾಲೆ, ಹಳೇ ಬೇತೂರ್ ರಸ್ತೆ ದಾವಣಗೆರೆ",
107,143,ಶ್ರೀ ಬಸವೇಶ್ವರ ವಿ.ಸಂ.ಶ್ರೀಮತಿ ಪಾರ್ವತಮ್ಮಹಳ್ಳೂರುನಾರಾಯಣ.ಹಿ.ಪ್ರಾ.ಶಾಲೆ. ರೂ ನಂ 2 ಮಧ್ಯಭಾಗ ಬಸವಾಜಪೇಟೆ ದಾವಣಗೆರೆ,
107,144,ಸರ್ಕಾರಿ ಹಿರಿಯ ಪ್ರಾಥಮಿಕ ಬಾಲಕಿಯರ ಶಾಲೆ ಹಳೇ ಪೇಟೆ ರೂಂ ನಂ 1 ವೀರಭದ್ರೇಶ್ವರದೇವಸ್ಥಾನದ ಪಕ್ಕ ದಾವಣಗೆರೆ,
107,145,ಸರ್ಕಾರಿ ಹಿರಿಯ ಪ್ರಾಥಮಿಕ ಶಾಲೆ ಹಳೇಪೇಟೆ ರೂನಂ 2 ವೀರಭದ್ರೇಶ್ವರ ದೇವಸ್ಥಾನದ ಪಕ್ಕ ದಾವಣಗೆರೆ,
107,146,ಸರ್ಕಾರಿ ಹಿರಿಯ ಪ್ರಾಥಮಿಕ ಶಾಲೆ ಬುಸಾಪೇಟೆ ಶಿವಾ ಜಿವೃತ್ತ ದಾವಣಗೆರೆ,
107,147,ಚನ್ನಗಿರಿ ವಿರುಪಾಕ್ಷಪ್ಪ ವನಜಾಕ್ಷಮ್ಮ ಹಿರಿಯ  ಪ್ರಾಥಮಿಕ ಶಾಲೆ  ಉತ್ತರ ಭಾಗ ಎಸ್‌ ಕೆ ಪಿ ರಸ್ತೆ ದಾವಣಗೆರೆ,
107,148,ಚನ್ನಗಿರಿ ವಿರುಪಾಕ್ಷಪ್ಪ ವನಜಾಕ್ಷಮ್ಮ ಹಿರಿಯ ಪ್ರಾಥಮಿಕ ಶಾಲೆ ದಕ್ಷಿಣ ಭಾಗರೂಂ ನಂ-2 ಎಸ್‌ ಕೆ ಪಿ ರಸ್ತೆ ದಾವಣಗೆರೆ,
107,149,ಜೀಜಾಮಾತಾ ಪ್ರಾಥಮಿಕ ಶಾಲೆ ರೂಂ ನಂ-1 (ಪೂರ್ವಭಾಗ) ಪಾತಾಳ ಲಿಂಗೇಶ್ವರ ದೇವಸ್ಥಾನದ ಪಕ್ಕ ದಾವಣಗೆರೆ,
107,150,"ಜೀಜಾಮಾತಾ ಪ್ರಾಥಮಿಕ ಶಾಲೆ, ಪಾತಾಳ್ ಲಿಂಗೇಶ್ವರ ದೇವಸ್ಥಾನ ಪಕ್ಕ, ರೂಂ ನಂ-2 ದಾವಣಗೆರೆ",
107,151,"ಜೀಜಾಮಾತಾ ಪ್ರಾಥಮಿಕ ಶಾಲೆ, ಪಾತಾಳ್ ಲಿಂಗೇಶ್ವರ ದೇವಸ್ಥಾನ ಪಕ್ಕ, ರೂಂ ನಂ-3 ದಾವಣಗೆರೆ",
107,152,ಸರ್ಕಾರಿ ಉರ್ದು ಹಿರಿಯ ಪ್ರಾಥಮಿಕ ಶಾಲೆ (ಉತ್ತರಭಾಗ)ಮ್ಯಾಸಬೇಡರಕೇರಿ ದಾವಣಗೆರೆ,
107,153,ಸಿದ್ದಾರ್ಥ ನರ್ಸರಿ ಶಾಲೆ ಗೋಕುಲ್‌ ಯುವಕರ ಸಂಘದ ಕಟ್ಟಡ ಚಲುವಾದಿಕೇರಿ ದಾವಣಗೆರೆ,
107,154,ಜನತಾವಿದ್ಯಾಲಯ ಶ್ರೀಮತಿ ಕೊಟ್ರಮ್ಮಶರಣಾರ್ಥಿ ಶಿವಲಿಂಗಪ್ಪನವರ ಹಿ.ಪ್ರಾ. ಶಾಲೆ ಹೊಂಡದರಸ್ತೆ ಜಾಲಿನಗರ ದಾವಣಗೆರೆ,
107,155,"ಜೈ ಮಾರುತಿ ವ್ಯಾಯಾಮ ಶಾಲೆ, ಮ್ಯಾಸಬೇಡರಕೇರಿ ದಾವಣಗೆರೆ",
107,156,ನಗರಸಭಾ ವಾಚನಾಲಯ  4ನೇ ಆರ್‌.ಸಿ.ಸಿ.ವಾಟರ್‌ ಟ್ಯಾಂಕ್‌ ಪಕ್ಕ ತಾಲ್ಲೂಕು ಕಛೇರಿ ಆವರಣ ದಾವಣಗೆರೆ,
107,157,ಉಪನೊಂಧಣಾಧಿಕಾರಿಗಳ ಕಛೇರಿ ತಾಲ್ಲೂಕು ಕಛೇರಿ ಆವರಣ ದಾವಣಗೆರೆ,
107,158,ದುರ್ಗಾಂಬಿಕಾ ಟ್ರಸ್ಟ್ ಕಮಿಟಿ ಶಾಲೆ (ಮಧ್ಯಭಾಗ) ರೂ ನಂ 1 ಜಾಲಿನಗರ ದಾವಣಗೆರೆ,
107,159,ದುರ್ಗಾಂಬಿಕಾ ಟ್ರಸ್ಟ್ ಕಮಿಟಿ ಶಾಲೆ (ಮಧ್ಯಭಾಗ) ರೂ ನಂ 2 ಜಾಲಿನಗರ ದಾವಣಗೆರೆ,
107,160,ದುರ್ಗಾಂಬಿಕಾ ಟ್ರಸ್ಟ್ ಕಮಿಟಿ ಶಾಲೆ (ಪೂರ್ವ ಭಾಗ) ರೂಂ ನಂ-3 ಜಾಲಿನಗರ ದಾವಣಗೆರೆ,
107,161,ದುರ್ಗಾಂಬಿಕಾ ಟ್ರಸ್ಟ್  ಕಮಿಟಿ ಶಾಲೆ (ಮಧ್ಯಭಾಗ)  ಜಾಲಿನಗರ ರೂಂ ನಂ-01 ದಾವಣಗೆರೆ,
107,162,ದುರ್ಗಾಂಬಿಕಾ ಟ್ರಸ್ಟ್  ಕಮಿಟಿ ಶಾಲೆ (ಮಧ್ಯಭಾಗ)  ಜಾಲಿನಗರ ರೂಂ ನಂ-02 ದಾವಣಗೆರೆ,
107,163,ದುರ್ಗಾಂಬಿಕಾ ಟ್ರಸ್ಟ್ ಕಮಿಟಿ ಶಾಲೆ ದಕ್ಷಿಣ ಭಾಗ ಜಾಲಿನಗರ ದಾವಣಗೆರೆ,
107,164,"ಸಾಮಾಜಿಕ ಅರಣ್ಯ ಕಛೇರಿ, ಕೆಳ ಮಹಡಿ ದೇವರಾಜ ಅರಸ ಬಡಾವಣೆ ಬಿ ಬ್ಲಾಕ್‌ ದಾವಣಗೆರೆ",
107,165,"ಜ್ಞಾನದೀಪ ಕಾನ್ವೆಂಟ್‌ , ದೇವರಾಜ ಅರಸ ಬಡಾವಣೆ ಬಿ ಬ್ಲಾಕ್‌ ದಾವಣಗೆರೆ",
107,166,ಜ್ಞಾನ ಭಾರತಿ ವಿದ್ಯಾ ಸಂಸ್ಥೆ  ಜ್ಞಾನ ಭಾರತಿ ಕಾನ್ವೆಂಟ್‌ 2ನೇ ಮೇನ್‌ 2ನೇ ಕ್ರಾಸ್‌ ಸುರೇಶ್‌ (ಜಾಲಿ)ನಗರ ರೂಂನಂ1 ದಾವಣಗೆರೆ,
107,167,"ಜಿ ಯು ಹೆಚ್ ಪಿ ಎಸ್, ರೂಂ ನಂ-2, ಮಸೀದಿ ಹಿಂಭಾಗ, ಸುರೇಶ್ ನಗರ ದಾವಣಗೆರೆ",
107,168,"ಸರ್ಕಾರಿ ಹಿರಿಯ ಉರ್ದುಪ್ರಾಥಮಿಕ ಶಾಲೆ, ಮಸೀದಿ ಹಿಂಬಾಗ, ಸುರೇಶ ನಗರ, 2ನೇ ಮುಖ್ಯರಸ್ತೆ ದಾವಣಗೆರೆ",
107,169,"ಶ್ರೀಮತಿಚಿರಡೋಣಿಕಮಲಮ್ಮ ವೈತಿಮ್ಮಪ್ಪಶೆಟ್ಟಿ,ಸ.ಹಿ.ಪ್ರಾ.ಶಾಲೆ ದೇವರಾಜಅರಸ್‌ಬಡಾವಣೆ ಪಶ್ಚಿಮಭಾಗ ರೂಂನಂ1 ದಾವಣಗೆರೆ",
107,170,"ಶ್ರೀಮತಿಚಿರಡೋಣಿಕಮಲಮ್ಮ ವೈತಿಮ್ಮಪ್ಪಶೆಟ್ಟಿ,ಸ.ಹಿ.ಪ್ರಾ.ಶಾಲೆ ದೇವರಾಜಅರಸ್‌ಬಡಾವಣೆ ಪಶ್ಚಿಮಭಾಗ ರೂಂನ-02 ದಾವಣಗೆರೆ",
107,171,ಸರ್ಕಾರಿ ಹಿರಿಯ ಪ್ರಾಥಮಿಕ ಪಾಠಶಾಲೆ ರೂಂನಂ.1ಜರೀಕಟ್ಟೆ,
107,172,ಸರ್ಕಾರಿ ಹಿರಿಯ ಪ್ರಾಥಮಿಕ ಪಾಠಶಾಲೆ ರೂಂ.ನಂ.2 ಜರೀಕಟ್ಟೆ,
107,173,"ಸರ್ಕಾರಿ ಹಿರಿಯ ಪ್ರಾಥಮಿಕ ಪಾಠಶಾಲೆ,ರೂಂ.ನಂ.1ನಾಗನೂರು",
107,174,"ಸರ್ಕಾರಿ ಸಂಯುಕ್ತ  ಪ್ರೌಢಶಾಲೆ,ನಾಗನೂರು",
107,175,ಸರ್ಕಾರಿ ಹಿರಿಯ ಪ್ರಾಥಮಿಕ ಪಾಠಶಾಲೆ ರೂಂ.ನಂ 1 ಶಿರಮಗೊಂಡನಹಳ್ಳಿ,
107,176,ಸರ್ಕಾರಿಹಿರಿಯಪ್ರಾಥಮಿಕ ಶಾಲೆರೂಂ.ನಂ.2 ಶಿರಮಗೊಂಡನಹಳ್ಳಿ,
107,177,ಸರ್ಕಾರಿ ಕಿರಿಯ ಪ್ರಾಥಮಿಕ ಪಾಠಶಾಲೆ (ಹಳೇಕಟ್ಟಡ) ಬೆಳವನೂರು,
107,178,ಕುವೆಂಪು ಶತಮಾನೋತ್ಸವ ಮಾದರಿ ಸರ್ಕಾರಿ ಹಿರಿಯ ಪ್ರಾಥಮಿಕ ಶಾಲೆ ಬೆಳವನೂರು ಹೊಸಬಡಾವಣೆ ರೂಂನಂ 1,
107,179,ಕುವೆಂಪು ಶತಮಾನೋತ್ಸವ ಮಾದರಿ ಸರ್ಕಾರಿ ಹಿರಿಯ ಪ್ರಾಥಮಿಕ ಶಾಲೆ ಬೆಳವನೂರು ಹೊಸಬಡಾವಣೆ ರೂಂ ನಂ-02,
107,180,ಸರ್ಕಾರಿ ಹಿರಿಯ ಪ್ರಾಥಮಿಕ ಶಾಲೆ  ಬೆಳವನೂರು ತರಳುಬಾಳು ನಗರ,
107,181,"ಸರ್ಕಾರಿ ಹಿರಿಯ  ಪ್ರಾಥಮಿಕ ಪಾಠಶಾಲೆ,ಚಂದ್ರೇನಹಳ್ಳಿ",
107,182,ಸರ್ಕಾರಿ ಕಿರಿಯ  ಪ್ರಾಥಮಿಕ ಪಾಠಶಾಲೆ ಬುಳ್ಳಪುರ,
107,183,"ಸರ್ಕಾರಿ ಹಿರಿಯ ಪ್ರಾಥಮಿಕ ಪಾಠಶಾಲೆ,ರೂಂ ನಂ.1 ತುರ್ಚಗಟ್ಟ",
107,184,"ಸರ್ಕಾರಿ ಹಿರಿಯ ಪ್ರಾಥಮಿಕ ಪಾಠಶಾಲೆ,ರೂಂ ನಂ.2 ತುರ್ಚಗಟ್ಟ",
107,185,ಸರ್ಕಾರಿ ಹಿರಿಯ ಪ್ರಾಥಮಿಕ ಪಾಠಶಾಲೆ ರೂಂ ನಂ. 2 ತುರ್ಚಗಟ್ಟ,
107,186,"ಸರ್ಕಾರಿ ಹಿರಿಯ ಪ್ರಾಥಮಿಕ ಪಾಠಶಾಲೆ, ಹೊಸ ನಾಯಕನಹಳ್ಳಿ",
107,187,ಸರ್ಕಾರಿ ಹಿರಿಯ ಪ್ರಾಥಮಿಕ ಪಾಠಶಾಲೆ ಜವಳಗಟ್ಟ,
107,188,ಸರ್ಕಾರಿ ಹಿರಿಯ ಪ್ರಾಥಮಿಕ ಪಾಠಶಾಲೆ ರೂ ನಂ  1 ಹಳೆಬಿಸಲೇರಿ,
107,189,ಸರ್ಕಾರಿ ಹಿರಿಯ ಪ್ರಾಥಮಿಕ ಪಾಠಶಾಲೆ ದುರ್ಗಾಂಬಿಕ ಕ್ಯಾಂಪ್ ದಾವಣಗೆರೆ,
107,190,ಸರ್ಕಾರಿ ಹಿರಿಯ ಪ್ರಾಥಮಿಕ ಪಾಠ ಶಾಲೆ ರೂಂ ನಂ 2 ಹೊಸ ಬಿಸಲೇರಿ,
107,191,ಸರ್ಕಾರಿ ಹಿರಿಯ ಪ್ರಾಥಮಿಕ ಪಾಠಶಾಲೆ ಮುದಹದಡಿ ರೂಂ ನಂ-01 ದಾವಣಗೆರೆ,
107,192,ಸರ್ಕಾರಿ ಹಿರಿಯ ಪ್ರಾಥಮಿಕ ಪಾಠಶಾಲೆ ಮುದಹದಡಿ ರೂಂ ನಂ-02 ದಾವಣಗೆರೆ,
107,193,ಸರ್ಕಾರಿ ಹಿರಿಯ ಪ್ರಾಥಮಿಕ ಪಾಠಶಾಲೆ ಹೊಸ ಕಟ್ಟಡ ಬಲ್ಲೂರು,
107,194,ಸರ್ಕಾರಿ ಹಿರಿಯ ಪ್ರಾಥಮಿಕ ಪಾಠಶಾಲೆ ಕನಗೊಂಡನಹಳ್ಳಿ,
107,195,ಸರ್ಕಾರಿ ಹಿರಿಯ ಪ್ರಾಥಮಿಕ ಪಾಠಶಾಲೆ ಬಟ್ಲಕಟ್ಟೆ,
107,196,ಗ್ರಾಮ ಪಂಚಾಯಿತಿ ಕಛೇರಿ ಹದಡಿ,
107,197,ಸರ್ಕಾರಿ ಹಿರಿಯ ಪ್ರಾಥಮಿಕ ಪಾಠಶಾಲೆ ರೂಂ.ನಂ.1 ಹದಡಿ,
107,198,ಸರ್ಕಾರಿ ಹಿರಿಯ ಪ್ರಾಥಮಿಕ ಪಾಠಶಾಲೆ ರೂಂ.ನಂ.2 ಹದಡಿ,
107,199,ಸರ್ಕಾರಿ ಹಿರಿಯ ಪ್ರಾಥಮಿಕ ಶಾಲೆ ರೂಂ ನಂ 3 ಹದಡಿ,
107,200,ಸರ್ಕಾರಿ ಹಿರಿಯ ಪ್ರಾಥಮಿಕ ಪಾಠಶಾಲೆ   ರೂಂ ನಂ 1 ಕೈದಾಳೆ,
107,201,ಸರ್ಕಾರಿ ಹಿರಿಯ ಪ್ರಾಥಮಿಕ ಪಾಠಶಾಲೆ   ರೂಂ ನಂ 2 ಕೈದಾಳೆ,
107,202,ಸರ್ಕಾರಿ ಹಿರಿಯ ಪ್ರಾಥಮಿಕ ಶಾಲೆ ರೂಂ ನಂ 3 ಕೈದಾಳೆ,
107,203,ಸರ್ಕಾರಿ ಕಿರಿಯ ಪ್ರಾಥಮಿಕ ಶಾಲೆ ಗಿರಿಯಾಪುರ,
107,204,ಸರ್ಕಾರಿ ಹಿರಿಯ ಪ್ರಾಥಮಿಕ ಪಾಠಶಾಲೆ ರೂಂ.ನಂ.1 ಕುಕ್ಕವಾಡ,
107,205,"ಸರ್ಕಾರಿ ಹಿರಿಯ ಪ್ರಾಥಮಿಕ ಶಾಲೆ,ರೂಂ.ನಂ.2 ಕುಕ್ಕವಾಡ",
107,206,"ಸರ್ಕಾರಿ ಹಿರಿಯ ಪ್ರಾಥಮಿಕ ಶಾಲೆ,ರೂಂ.ನಂ.3 ಕುಕ್ಕವಾಡ",
107,207,ಸರ್ಕಾರಿ ಹಿರಿಯ ಪ್ರಾಥಮಿಕ ಪಾಠ ಶಾಲೆ ಕೊಳೇನಹಳ್ಳಿ,
107,208,ಸರ್ಕಾರಿ ಹಿರಿಯ ಪ್ರಾಥಮಿಕ  ಶಾಲೆ ನಾಗರಸನಹಳ್ಳಿ,
